-- ============================================================
-- DZ Ecom OS — Seed Data (Algerian e-commerce operator)
-- ============================================================

-- ── Profile ─────────────────────────────────────────────────
insert into public.profiles (user_id, full_name, email, store_name, phone, preferred_currency, preferred_niche)
values (
  'd0a1b2c3-d4e5-6f78-9abc-def012345678',
  'ياسين بوزيد',
  'yassine.bouzid@gmail.com',
  'متجر بوزيد للإلكترونيات',
  '0555123456',
  'DZD',
  'إلكترونيات'
);

-- ── Signals ─────────────────────────────────────────────────
insert into public.signals (id, user_id, source, raw_text, source_link, signal_type, niche, engagement_estimate, tags, is_analyzed)
values
  (
    'a1000000-0000-0000-0000-000000000001',
    'd0a1b2c3-d4e5-6f78-9abc-def012345678',
    'facebook',
    'واحد يحكيلي على سوار ذكي يقيس الضغط و الت.cardiac في الجزائر، وين نلقاه؟ الكل يحكي عليه أما ما لقيناهش',
    'https://facebook.com/groups/dztech/posts/12345',
    'complaint',
    'أجهزة طبية',
    487,
    ARRAY['سوار_ذكي', 'صحة', 'أجهزة_ wearable'],
    true
  ),
  (
    'a1000000-0000-0000-0000-000000000002',
    'd0a1b2c3-d4e5-6f78-9abc-def012345678',
    'tiktok',
    'فيديو فيروزي: بنت جزائرية توري كيفاش تصلح شعرها بالبرتقال والعسل، المكونات بـ 200 دج',
    'https://tiktok.com/@dzbeauty/video/98765',
    'desire',
    'تجميل',
    12300,
    ARRAY['تجميل', 'ت_فوري', 'وصفات_طبيعية'],
    true
  ),
  (
    'a1000000-0000-0000-0000-000000000003',
    'd0a1b2c3-d4e5-6f78-9abc-def012345678',
    'facebook',
    'اللي يعرف شنّا حبوب فيتامين تخلّي الشعر يكبر بزّاف ينصحني، أنا تعبت من تساقط الشعر',
    'https://facebook.com/groups/dzbeauty/posts/67890',
    'desire',
    'عناية بالجسم',
    892,
    ARRAY['شعر', 'فيتامينات', 'عناية'],
    true
  ),
  (
    'a1000000-0000-0000-0000-000000000004',
    'd0a1b2c3-d4e5-6f78-9abc-def012345678',
    'facebook',
    'شنّا رأيكم في المكنسة الروبوتية؟ واش تستاهل؟ سعرها غالي أما تكفي في الوقت',
    'https://facebook.com/groups/dzhome/posts/24680',
    'desire',
    'المنزل',
    1540,
    ARRAY['منزل_ذكي', 'تنظيف', 'روبوت'],
    false
  );

-- ── Signal AI Analysis ──────────────────────────────────────
insert into public.signal_ai_analysis (signal_id, pain_point, buying_motive, target_persona, suggested_products, opportunity_score, explanation, model_used)
values
  (
    'a1000000-0000-0000-0000-000000000001',
    'لا يمكنهم العثور على أجهزة قياس الضغط الذكية في الجزائر بسهولة',
    'الرغبة في مراقبة الصحة بشكل يومي والاطمئنان على الحالة الصحية بدون زيارة الطبيب',
    'رجل/امرأة، 30-50 سنة، مهتم بالصحة، في ولاية كبيرة (الجزائر، وهران)',
    ARRAY['سوار ذكي قياس الضغط', 'جهاز قياس ضغط ذكي للدمبل', 'سماعات قياس نبض'],
    8,
    'الإقبال الكبير على منشورات الصحة في المجموعات الجزائرية يدل على طلب غير مستوفي. الأجهزة الطبية الذكية نادرة في السوق المحلي.',
    'gpt-4o'
  ),
  (
    'a1000000-0000-0000-0000-000000000002',
    'البنات يبحثن عن وصفات تجميل طبيعية ورخيصة الثمن',
    'الرغبة في تحسين المظهر بطرق طبيعية وبتكلفة بسيطة تناسب الميزانية الجزائرية',
    'امرأة، 18-35 سنة، مهتمة بالتجميل الطبيعي، تتبع حسابات تجميل على تيك توك',
    ARRAY['مجموعة وصفات التجميل الطبيعي', 'كريم البرتقال والعسل', 'زيت أرغان مغربي أصلي'],
    9,
    'المحتوى التجميلي الطبيعي على تيك توك يحقق ملايين المشاهدات في الجزائر. الطلب على منتجات طبيعية في تزايد مستمر.',
    'gpt-4o'
  ),
  (
    'a1000000-0000-0000-0000-000000000003',
    'تساقط الشعر مشكلة منتشرة بين النساء والرجال في الجزائر',
    'الرغبة في إيجاد حل فعال لتساقط الشعر يكمن من السوق المحلي',
    'امرأة، 25-45 سنة، تعاني من تساقط الشعر، تبحث عن حلول عملية',
    ARRAY['فيتامينات الشعر (بيوتين)', 'سيروم تكثيف الشعر', 'شامبو الأرغان'],
    7,
    'تساقط الشعر من أكثر المشاكل الصحية تداولا في المجموعات الجزائرية. الحلول الطبيعية والمكملات الغذائية تحظى باهتمام كبير.',
    'gpt-4o'
  );

-- ── Products ────────────────────────────────────────────────
insert into public.products (id, user_id, name, niche, description, source_link, cost_price, sell_price, delivery_cost, confirmation_cost, ad_spend_estimate, notes, status, image_url)
values
  (
    'b1000000-0000-0000-0000-000000000001',
    'd0a1b2c3-d4e5-6f78-9abc-def012345678',
    'سوار ذكي قياس الضغط FitPulse Pro',
    'أجهزة طبية',
    'سوار ذكي يقيس ضغط الدم، نبض القلب، ومستوى الأكسجين في الدم. شاشة LED ملونة، مقاوم للماء IP67، بطارية تدوم 7 أيام.',
    'https://alibaba.com/fitpulse-pro',
    2500.00,
    5500.00,
    400.00,
    300.00,
    800.00,
    'يحتاج ترخيص من وزارة الصحة. تجربة أولية 20 وحدة.',
    'active',
    'https://images.example.com/fitpulse-pro.jpg'
  ),
  (
    'b1000000-0000-0000-0000-000000000002',
    'd0a1b2c3-d4e5-6f78-9abc-def012345678',
    'طقم وصفات التجميل الطبيعي - 15 وصفة',
    'تجميل',
    'كتيب رقمي يحتوي 15 وصفة طبيعية للتجميل بالIngredients المتوفرة في الجزائر: البرتقال والعسل، زيت الزيتون، الطين المغربي، etc.',
    null,
    150.00,
    800.00,
    0.00,
    0.00,
    500.00,
    'منتج رقمي، لا يحتاج توصيل. هامش ربح عالي جداً.',
    'active',
    'https://images.example.com/beauty-recipes.jpg'
  ),
  (
    'b1000000-0000-0000-0000-000000000003',
    'd0a1b2c3-d4e5-6f78-9abc-def012345678',
    'فيتامينات الشعر BioHair Plus',
    'عناية بالجسم',
    'مكمل غذائي للشعر يحتوي على البيوتين، الزنك، وفيتامينات B. 60 كبسولة تكفي شهر كامل.',
    'https://alibaba.com/biohair-plus',
    800.00,
    2200.00,
    350.00,
    250.00,
    600.00,
    'يحتاج ترخيص من وزارة الصحة. شهادة جودة متوفرة.',
    'active',
    'https://images.example.com/biohair-plus.jpg'
  ),
  (
    'b1000000-0000-0000-0000-000000000004',
    'd0a1b2c3-d4e5-6f78-9abc-def012345678',
    'المكنسة الروبوتية CleanBot X1',
    'المنزل',
    'مكنسة روبوتية ذاتية الشحن، خرطوم 2500 باسكال، خرائط لاسلكية، تطبيق موبايل للتحكم. مساحة 120 متر مربع.',
    'https://alibaba.com/cleanbot-x1',
    8500.00,
    18000.00,
    600.00,
    500.00,
    1200.00,
    'منتج عالي القيمة. يجرب 10 وحدات أولاً.',
    'draft',
    'https://images.example.com/cleanbot-x1.jpg'
  );

-- ── Product Variants ────────────────────────────────────────
insert into public.product_variants (product_id, sku, model, color, storage, quantity, reserved_quantity, notes)
values
  -- FitPulse Pro variants
  ('b1000000-0000-0000-0000-000000000001', 'FP-BLK-001', 'FitPulse Pro', 'أسود', '', 15, 3, 'الأكثر مبيعاً'),
  ('b1000000-0000-0000-0000-000000000001', 'FP-SLV-002', 'FitPulse Pro', 'فضي', '', 8, 1, ''),
  ('b1000000-0000-0000-0000-000000000001', 'FP-PNK-003', 'FitPulse Pro', 'وردي', '', 5, 0, 'للنساء'),
  -- BioHair Plus
  ('b1000000-0000-0000-0000-000000000003', 'BH-60C-001', 'BioHair Plus', 'أبيض', '60 كبسولة', 25, 5, 'عبوة شهر واحد'),
  ('b1000000-0000-0000-0000-000000000003', 'BH-120C-002', 'BioHair Plus', 'أبيض', '120 كبسولة', 12, 2, 'عبوة شهرين - خصم 10%'),
  -- CleanBot X1
  ('b1000000-0000-0000-0000-000000000004', 'CB-WHT-001', 'CleanBot X1', 'أبيض', '', 10, 0, 'متوفر');

-- ── Inventory Movements ─────────────────────────────────────
insert into public.inventory_movements (user_id, product_variant_id, movement_type, quantity, unit_cost, reference_id, notes)
values
  ('d0a1b2c3-d4e5-6f78-9abc-def012345678', 'FP-BLK-001', 'purchase', 20, 2500.00, 'PO-2025-001', 'الدفعة الأولى - 20 وحدة'),
  ('d0a1b2c3-d4e5-6f78-9abc-def012345678', 'FP-BLK-001', 'sale', -3, 5500.00, 'CMP-2025-001', 'مبيعات حملة ديسمبر'),
  ('d0a1b2c3-d4e5-6f78-9abc-def012345678', 'FP-SLV-002', 'purchase', 10, 2500.00, 'PO-2025-001', 'الدفعة الأولى - لون فضي'),
  ('d0a1b2c3-d4e5-6f78-9abc-def012345678', 'FP-SLV-002', 'sale', -1, 5500.00, 'ORD-2025-018', 'بيع مباشر'),
  ('d0a1b2c3-d4e5-6f78-9abc-def012345678', 'BH-60C-001', 'purchase', 30, 800.00, 'PO-2025-002', 'دفعة فيتامينات الشعر'),
  ('d0a1b2c3-d4e5-6f78-9abc-def012345678', 'BH-60C-001', 'sale', -5, 2200.00, 'CMP-2025-002', 'مبيعات حملة الشعر'),
  ('d0a1b2c3-d4e5-6f78-9abc-def012345678', 'CB-WHT-001', 'purchase', 10, 8500.00, 'PO-2025-003', 'دفعة المكنسة الروبوتية');

-- ── Marketing Angles ────────────────────────────────────────
insert into public.marketing_angles (id, user_id, product_id, signal_id, hooks, angles, tiktok_scripts, facebook_posts, upsell_ideas, bundle_ideas, is_favorite)
values
  (
    'c1000000-0000-0000-0000-000000000001',
    'd0a1b2c3-d4e5-6f78-9abc-def012345678',
    'b1000000-0000-0000-0000-000000000001',
    'a1000000-0000-0000-0000-000000000001',
    ARRAY['واش تعرف ضغطك دابا؟', 'هذا السوار يخليك طبيبك الخاص', '7 أيام بلا شحن!'],
    ARRAY['الصحة أولاً - راقب ضغطك في أي وقت', 'للأهل والوالدين - هدية بـ 5500 دج فقط', 'بديل جهاز الضغط التقليدي - أدق وأسهل'],
    ARRAY['[مقطع 15 ثانية] بابا شاف السوار وحبو بزّاف - يقيس الضغط والنبض في 10 ثواني', '[مقطع 30 ثانية] واش رأيكم؟ سوار ذكي يقيس كلشي ويكلمك في الموبايل'],
    ARRAY['السلام عليكم، شحال من واحد يعاني من ضغط الدم؟ ها السوار الحل - يقيس ضغطك في أي وقت بلا ما تمشي للطبيب. التوصيل لباب الدار.'],
    ARRAY['غسول الوجه بالشاي الأخضر + سوار FitPulse', 'فيتامينات الشعر + السوار الصحي'],
    ARRAY['سوار + غسول وجه', 'سوار + كتاب التجميل'],
    true
  ),
  (
    'c1000000-0000-0000-0000-000000000002',
    'd0a1b2c3-d4e5-6f78-9abc-def012345678',
    'b1000000-0000-0000-0000-000000000002',
    'a1000000-0000-0000-0000-000000000002',
    ARRAY['تجميلك في يديك بـ 800 دج فقط!', 'وصفات الطبيعة أحسن من الكريما'],
    ARRAY['التجميل الطبيعي - وصفات بـ 200 دج', 'من المطبخ لوجهك - وصفات جزائرية', 'جمالك بدون ما تفرقي بزاف'],
    ARRAY['[مقطع 20 ثانية] بنت جزائرية توري الوصفة السحرية - مكونات من المطبخ ونتيجة خرافية', '[مقطع 15 ثانية] ها الوصفة خلات وجهي كي البرتقال! المكونات بـ 200 دج'],
    ARRAY['بنتي الختية سولاتني شنّا السر، قلتلها: البرتقال والعسل! ها الكتاب فيه 15 وصفة مجربة. سعره 800 دج فقط.'],
    ARRAY['كتاب الوصفات + طين مغربي أصلي', 'كتاب + زيت أرغان'],
    ARRAY['كتاب + طين مغربي + فرشاة', 'كتاب + سيروم فيتامين C'],
    false
  ),
  (
    'c1000000-0000-0000-0000-000000000003',
    'd0a1b2c3-d4e5-6f78-9abc-def012345678',
    'b1000000-0000-0000-0000-000000000003',
    'a1000000-0000-0000-0000-000000000003',
    ARRAY['تعبتي من تساقط الشعر؟', 'الفيتامين اللي يخلّي شعرك يكبر في شهر'],
    ARRAY['حل تساقط الشعر بأكل الفيتامينات', 'شعرك يكبار مع BioHair', 'ماكملتي الشهر ولقيتي الفرق'],
    ARRAY['[مقطع 25 ثانية] بنت مسحت شعرها قدام الكاميرا قبل وبعد - فرق خرافي في شهر', '[مقطع 15 ثانية] واش كليت باش شعرك كبر؟ ها الفيتامين السحري'],
    ARRAY['السلام عليكم، واش من مشكل تعاني في شعرك؟ تساقط؟ جفاف؟ ها الفيتامينات تحل المشكلة في شهر. التوصيل مجاني للعاصمة.'],
    ARRAY['فيتامينات الشعر + شامبو الأرغان', 'فيتامينات + سيروم الشعر'],
    ARRAY['عبوة شهر + شامبو', 'عبوة شهرين + سيروم + فرشاة'],
    true
  );

-- ── Scripts ─────────────────────────────────────────────────
insert into public.scripts (angle_id, platform, content, duration_seconds, is_active)
values
  ('c1000000-0000-0000-0000-000000000001', 'tiktok', 'ابدأ بـ: "واش تعرف ضغطك؟" [إظهار السوار] - "ها السوار يقيس ضغطك في 10 ثواني!" [عرض قراءة حية] - "7 أيام بلا شحن" [إظهار البطارية] - "التوصيل لباب الدار" [معلومات الاتصال]', 15, true),
  ('c1000000-0000-0000-0000-000000000001', 'facebook', 'السلام عليكم ورحمة الله وبركاته، شحال من واحد فينا يعاني من ارتفاع ضغط الدم؟ جبتلكم الحل - سوار ذكي يقيس ضغطك في أي وقت بلا ما تمشي للطبيب. الشاشة ملونة، يقاوم الماء، وبطاريته تدوم 7 أيام. التوصيل لباب الدار في كل ولايات الجزائر. سعره 5500 دج فقط. للطلب ابعتلنا ميساج.', null, true),
  ('c1000000-0000-0000-0000-000000000002', 'tiktok', 'ابدأ بـ: "بنتي سولاتني شنّا السر" [إظهار المكونات] - "البرتقال والعسل!" [خلط الوصفة] - "بـ 200 دج فقط" [عرض النتيجة] - "ها الكتاب فيه 15 وصفة" [عرض الكتاب]', 20, true),
  ('c1000000-0000-0000-0000-000000000003', 'tiktok', 'ابدأ بـ: "تعبتي من تساقط الشعر؟" [لقطة قبل] - "هذا الفيتامين يحل المشكلة في شهر" [إظهار الكبسولات] - "جبتلكم دليل كامل" [عرض النتيجة بعد شهر] - "للطلب الرابط في البايو"', 25, true);

-- ── Campaigns ───────────────────────────────────────────────
insert into public.campaigns (user_id, name, platform, product_id, angle_used, hook_used, launch_date, spend, messages, confirmed_orders, delivered_orders, cancellations, notes, status)
values
  (
    'd0a1b2c3-d4e5-6f78-9abc-def012345678',
    'حملة السوار الذكي - ديسمبر 2025',
    'facebook',
    'b1000000-0000-0000-0000-000000000001',
    'الصحة أولاً - راقب ضغطك في أي وقت',
    'واش تعرف ضغطك دابا؟',
    '2025-12-01',
    35000.00,
    245,
    42,
    38,
    4,
    'أداء جيد. تكلفة التأكيد: 833 دج. هامش الربح: 1250 دج/وحدة.',
    'active'
  ),
  (
    'd0a1b2c3-d4e5-6f78-9abc-def012345678',
    'حملة فيتامينات الشعر - يناير 2026',
    'facebook',
    'b1000000-0000-0000-0000-000000000003',
    'شعرك يكبار مع BioHair',
    'تعبتي من تساقط الشعر؟',
    '2026-01-10',
    22000.00,
    180,
    28,
    25,
    3,
    'أداء متوسط. تكلفة التأكيد: 785 دج. يحتاج تحسين.',
    'active'
  ),
  (
    'd0a1b2c3-d4e5-6f78-9abc-def012345678',
    'حملة كتاب التجميل - تجريبية',
    'tiktok',
    'b1000000-0000-0000-0000-000000000002',
    'التجميل الطبيعي - وصفات بـ 200 دج',
    'تجميلك في يديك بـ 800 دج فقط!',
    '2026-02-01',
    15000.00,
    320,
    0,
    0,
    0,
    'منتج رقمي - مبيعات مباشرة عبر الموقع. في الانتظار.',
    'completed'
  ),
  (
    'd0a1b2c3-d4e5-6f78-9abc-def012345678',
    'حملة المكنسة الروبوتية - مارس 2026',
    'facebook',
    'b1000000-0000-0000-0000-000000000004',
    'المنزل الذكي - وفّر وقتك',
    'المنزل يتنظف لوحده؟',
    '2026-03-01',
    0.00,
    0,
    0,
    0,
    0,
    'لم تبدأ بعد. تجهيز الحملة.',
    'draft'
  );

-- ── Campaign Metrics ────────────────────────────────────────
insert into public.campaign_metrics (campaign_id, date, impressions, clicks, spend, messages, confirmed_orders, delivered_orders, cancellations)
values
  -- FitPulse campaign - Dec 2025
  ('c1000000-0000-0000-0000-000000000001', '2025-12-01', 12000, 480, 3000.00, 22, 4, 0, 0),
  ('c1000000-0000-0000-0000-000000000001', '2025-12-02', 15000, 620, 3500.00, 30, 5, 2, 0),
  ('c1000000-0000-0000-0000-000000000001', '2025-12-03', 18000, 750, 4000.00, 38, 7, 5, 0),
  ('c1000000-0000-0000-0000-000000000001', '2025-12-04', 14000, 580, 3200.00, 28, 5, 8, 1),
  ('c1000000-0000-0000-0000-000000000001', '2025-12-05', 16000, 640, 3800.00, 32, 6, 10, 1),
  ('c1000000-0000-0000-0000-000000000001', '2025-12-06', 13000, 520, 3500.00, 25, 4, 8, 1),
  ('c1000000-0000-0000-0000-000000000001', '2025-12-07', 11000, 440, 3000.00, 20, 3, 5, 1),
  ('c1000000-0000-0000-0000-000000000001', '2025-12-08', 10000, 400, 3000.00, 18, 3, 0, 0),
  ('c1000000-0000-0000-0000-000000000001', '2025-12-09', 9000, 360, 2500.00, 15, 2, 0, 0),
  ('c1000000-0000-0000-0000-000000000001', '2025-12-10', 8000, 320, 2500.00, 17, 3, 0, 0),
  -- BioHair campaign - Jan 2026
  ('c2000000-0000-0000-0000-000000000001', '2026-01-10', 10000, 400, 2500.00, 20, 3, 0, 0),
  ('c2000000-0000-0000-0000-000000000001', '2026-01-11', 12000, 480, 3000.00, 24, 4, 2, 0),
  ('c2000000-0000-0000-0000-000000000001', '2026-01-12', 14000, 560, 3500.00, 28, 5, 5, 0),
  ('c2000000-0000-0000-0000-000000000001', '2026-01-13', 11000, 440, 2800.00, 22, 4, 6, 1),
  ('c2000000-0000-0000-0000-000000000001', '2026-01-14', 9000, 360, 2200.00, 18, 3, 5, 1),
  ('c2000000-0000-0000-0000-000000000001', '2026-01-15', 8000, 320, 2000.00, 15, 2, 4, 1),
  ('c2000000-0000-0000-0000-000000000001', '2026-01-16', 7000, 280, 1800.00, 14, 2, 3, 0),
  ('c2000000-0000-0000-0000-000000000001', '2026-01-17', 6000, 240, 1500.00, 12, 2, 0, 0),
  ('c2000000-0000-0000-0000-000000000001', '2026-01-18', 5000, 200, 1200.00, 10, 1, 0, 0),
  ('c2000000-0000-0000-0000-000000000001', '2026-01-19', 4000, 160, 1500.00, 9, 2, 0, 0);

-- ── Prompts ─────────────────────────────────────────────────
insert into public.prompts (user_id, title, content, category, is_favorite, usage_count)
values
  (
    'd0a1b2c3-d4e5-6f78-9abc-def012345678',
    'تحليل الإشارة - شكوى',
    'أنت محلل ذكي للسوق الجزائري. قم بتحليل هذه الشكوى/الإشارة واستخرج: 1) نقطة الألم الرئيسية 2) الدافع الشرائي 3) الشريحة المستهدفة 4) منتجات مقترحة 5) تقييم الفرصة من 1-10 مع التبرير.',
    'signal_analysis',
    true,
    12
  ),
  (
    'd0a1b2c3-d4e5-6f78-9abc-def012345678',
    'كتابة بوست فيسبوك تسويقي',
    'اكتب بوست فيسبوك تسويقي بالدارجة الجزائرية لمنتج: [اسم المنتج]. البوست يجب أن يحتوي: 1) مقدمة تجذب الانتباه 2) وصف المنتج ببساطة 3) السعر ومميزات الشراء 4) دعوة للعمل. النبرة ودية ومحترمة.',
    'copywriting',
    true,
    8
  ),
  (
    'd0a1b2c3-d4e5-6f78-9abc-def012345678',
    'مراجعة منتج بالذكاء الاصطناعي',
    'أنت خبير تقييم المنتجات في السوق الجزائري. قم بمراجعة هذا المنتج: [اسم المنتج] - [الوصف] - [السعر]. قيّم: 1) نقاط القوة 2) نقاط الضعف 3) توصيات التحسين 4) ملاءمة السوق من 1-10. كن صادقاً وعملياً.',
    'product_review',
    false,
    5
  ),
  (
    'd0a1b2c3-d4e5-6f78-9abc-def012345678',
    'تحليل أداء الحملة الإعلانية',
    'حلل أداء هذه الحملة الإعلانية: [المعلومات]. قيّم: 1) تكلفة التأكيد 2) هامش الربح 3) معدل التحويل 4) نقاط القوة والضعف 5) توصيات التحسين. قارن بمعايير السوق الجزائري.',
    'analytics',
    true,
    6
  );

-- ── Knowledge Entries ───────────────────────────────────────
insert into public.knowledge_entries (user_id, title, content, niche, tags, category, is_pinned)
values
  (
    'd0a1b2c3-d4e5-6f78-9abc-def012345678',
    'دليل التسعير في السوق الجزائري',
    'قواعد التسعير للسوق الجزائري: 1) تكلفة المنتج + التوصيل + تأكيد الطلب + ميزانية الإعلان = التكلفة الإجمالية 2) هامش الربح المطلوب: 30-50% للمنتجات الفيزيائية، 80-90% للمنتجات الرقمية 3) تكلفة التأكيد المتوسطة: 500-1000 دج 4) السعر المثالي للمنتجات: 2000-8000 دج (الأكثر مبيعاً) 5) التوصيل المجاني يزيد التحويل بنسبة 40%.',
    'عام',
    ARRAY['تسعير', 'استراتيجية', '-profit'],
    'strategy',
    true
  ),
  (
    'd0a1b2c3-d4e5-6d78-9abc-def012345678',
    'أنواع الحملات الإعلانية الناجحة',
    'أنواع الحملات الناجحة في الجزائر: 1) حملة التثقيف - تعليم الجمهور حول مشكلة ثم تقديم الحل 2) حملة الإثبات الاجتماعي - شهادات الزبائن 3) حملة العرض المحدود - "باقي 3 أيام فقط" 4) حملة المقارنة - "قبل وبعد" أو "أنا vs المنافس". أفضل الأوقات: الأربعاء والخميس مساءً، الجمعة بعد الصلاة.',
    'تسويق',
    ARRAY['حملات', 'إعلانات', 'facebook', 'tiktok'],
    'marketing',
    true
  ),
  (
    'd0a1b2c3-d4e5-6f78-9abc-def012345678',
    'المنتجات الأكثر مبيعاً في الجزائر',
    'الفئات الأكثر طلباً في الجزائر (2025-2026): 1) العناية بالشعر - فيتامينات، سيروبات، شامبوهات 2) الإلكترونيات - سوار ذكي، سماعات، شواحن 3) المنزل - أدوات تنظيف، مكنسات 4) التجميل - وصفات طبيعية، كريمات 5) الصحة - أجهزة قياس، فيتامينات. الميزانية المتوسطة للزبون الجزائري: 2000-5000 دج.',
    'عام',
    ARRAY['منتجات', 'سوق', 'مبيعات'],
    'market_intelligence',
    true
  ),
  (
    'd0a1b2c3-d4e5-6f78-9abc-def012345678',
    'كيفاش نتعامل مع الإرجاعات',
    'سياسة الإرجاع في الدز إيكوم: 1) خلال 48 ساعة من التوصيل 2) المنتج غير مستعمل وملبسته الأصلية 3) الزبون يتحمل تكلفة الإرجاع إلا إذا كان هناك عيب في المنتج 4) استرجاع المبلغ خلال 3-5 أيام عمل 5) تسجيل كل إرجاع في نظام المخزون. نسبة الإرجاع المتوسطة: 8-12%.',
    'عمليات',
    ARRAY['إرجاع', 'سياسة', 'خدمة_عملاء'],
    'operations',
    false
  );

-- ── Tags ────────────────────────────────────────────────────
insert into public.tags (user_id, name, color)
values
  ('d0a1b2c3-d4e5-6f78-9abc-def012345678', 'مهم', '#FF6B6B'),
  ('d0a1b2c3-d4e5-6f78-9abc-def012345678', 'صحة', '#4ECDC4'),
  ('d0a1b2c3-d4e5-6f78-9abc-def012345678', 'تجميل', '#FF69B4'),
  ('d0a1b2c3-d4e5-6f78-9abc-def012345678', 'منزل', '#45B7D1'),
  ('d0a1b2c3-d4e5-6f78-9abc-def012345678', 'إلكترونيات', '#96CEB4'),
  ('d0a1b2c3-d4e5-6f78-9abc-def012345678', 'فيسبوك', '#4267B2'),
  ('d0a1b2c3-d4e5-6f78-9abc-def012345678', 'تيك توك', '#000000');
